-- Phase 1 catalog import — generated from live Shopify-backed API snapshots, 2026-07-02
INSERT INTO products (id,handle,title,description,description_html,product_type,tags_json,images_json,price_min_cents,price_max_cents,currency) VALUES ('gid://shopify/Product/9242163413157','gift-tags','Letterpress Gift Tags with Satin Ribbon','Elevate every present with Longbourn Letterpress Gift Tags. Each motif is pressed into thick, archival cotton stock and finished by hand with satin ribbon, bringing a tailored, heirloom touch to your wrapping. Choose your occasion, then select a design—each tag ready for a personal note. Letterpress printed on heavyweight cotton stock Hand-tied satin ribbon included Assorted motifs and greetings Made in the U.S.A.','<p>Elevate every present with Longbourn Letterpress Gift Tags. Each motif is pressed into thick, archival cotton stock and finished by hand with satin ribbon, bringing a tailored, heirloom touch to your wrapping. Choose your occasion, then select a design—each tag ready for a personal note.</p><ul>
<li>Letterpress printed on heavyweight cotton stock</li>
<li>Hand-tied satin ribbon included</li>
<li>Assorted motifs and greetings</li>
<li>Made in the U.S.A.</li>
</ul>','Gift Tags','["gift tags","letterpress","satin ribbon"]','[{"url":"https://cdn.shopify.com/s/files/1/0693/9492/3685/files/29_3338beea-dc59-4113-b1cb-932321031ed1.png?v=1760854597","altText":null,"width":1000,"height":1000},{"url":"https://cdn.shopify.com/s/files/1/0693/9492/3685/files/30_30e1dbee-856a-45d6-95c3-7422ae83d2df.png?v=1760854597","altText":null,"width":1000,"height":1000},{"url":"https://cdn.shopify.com/s/files/1/0693/9492/3685/files/31_41b5ea72-e1d0-4e41-bfec-7737673e688b.png?v=1760854597","altText":null,"width":1000,"height":1000},{"url":"https://cdn.shopify.com/s/files/1/0693/9492/3685/files/32_f5eeeac2-8e61-4d53-aad8-11a4ca46ecbb.png?v=1760854597","altText":null,"width":1000,"height":1000},{"url":"https://cdn.shopify.com/s/files/1/0693/9492/3685/files/13_95cb9a63-c9e1-4c9c-961e-b30e241762d6.png?v=1760854597","altText":null,"width":1000,"height":1000},{"url":"https://cdn.shopify.com/s/files/1/0693/9492/3685/files/14_ff9b1b69-5c23-4331-adf3-4e147b0653f8.png?v=1760854597","altText":null,"width":1000,"height":1000},{"url":"https://cdn.shopify.com/s/files/1/0693/9492/3685/files/15_65c97917-7652-4bbd-b98d-03bebb0e5062.png?v=1760854597","altText":null,"width":1000,"height":1000},{"url":"https://cdn.shopify.com/s/files/1/0693/9492/3685/files/16_54392c20-d87b-4a44-8114-fe7c168c9381.png?v=1760854597","altText":null,"width":1000,"height":1000},{"url":"https://cdn.shopify.com/s/files/1/0693/9492/3685/files/25_adaa4faa-b386-45df-9f34-ff9c78cada86.png?v=1760854597","altText":null,"width":1000,"height":1000},{"url":"https://cdn.shopify.com/s/files/1/0693/9492/3685/files/26_861d5f99-eeb3-4bb0-a003-a6983d21f215.png?v=1760854597","altText":null,"width":1000,"height":1000},{"url":"https://cdn.shopify.com/s/files/1/0693/9492/3685/files/27_ca0ab269-593f-47a6-860c-bc237386bcce.png?v=1760854597","altText":null,"width":1000,"height":1000},{"url":"https://cdn.shopify.com/s/files/1/0693/9492/3685/files/28_737f6d31-0161-46cd-847e-e407970a4f17.png?v=1760854597","altText":null,"width":1000,"height":1000},{"url":"https://cdn.shopify.com/s/files/1/0693/9492/3685/files/33_8bfdb39f-e65b-438d-8e1e-7116d121d7df.png?v=1760854597","altText":null,"width":1000,"height":1000},{"url":"https://cdn.shopify.com/s/files/1/0693/9492/3685/files/34_d43687fd-6c01-4251-a923-0289b5863fc1.png?v=1760854597","altText":null,"width":1000,"height":1000},{"url":"https://cdn.shopify.com/s/files/1/0693/9492/3685/files/35_4f473b77-4878-4f8e-a34f-e9debf9cd45a.png?v=1760854597","altText":null,"width":1000,"height":1000},{"url":"https://cdn.shopify.com/s/files/1/0693/9492/3685/files/36_37bca08b-6997-45a8-9f5b-c6db8be03a00.png?v=1760854597","altText":null,"width":1000,"height":1000},{"url":"https://cdn.shopify.com/s/files/1/0693/9492/3685/files/53.png?v=1760854597","altText":null,"width":1000,"height":1000},{"url":"https://cdn.shopify.com/s/files/1/0693/9492/3685/files/56.png?v=1760854597","altText":null,"width":1000,"height":1000},{"url":"https://cdn.shopify.com/s/files/1/0693/9492/3685/files/55.png?v=1760854597","altText":null,"width":1000,"height":1000},{"url":"https://cdn.shopify.com/s/files/1/0693/9492/3685/files/54.png?v=1760854597","altText":null,"width":1000,"height":1000}]',2400,2400,'USD');
INSERT INTO variants (id,product_id,title,price_cents,currency,available,image_json,selected_options_json,wholesale_cents,position) VALUES ('gid://shopify/ProductVariant/45985874804901','gid://shopify/Product/9242163413157','Bravo',2400,'USD',1,'{"url":"https://cdn.shopify.com/s/files/1/0693/9492/3685/files/29_3338beea-dc59-4113-b1cb-932321031ed1.png?v=1760854597","altText":null}','[{"name":"Design","value":"Bravo"}]',1200,0);
INSERT INTO inventory (variant_id,quantity) VALUES ('gid://shopify/ProductVariant/45985874804901',NULL);
INSERT INTO variants (id,product_id,title,price_cents,currency,available,image_json,selected_options_json,wholesale_cents,position) VALUES ('gid://shopify/ProductVariant/45985874837669','gid://shopify/Product/9242163413157','Celebrate',2400,'USD',1,'{"url":"https://cdn.shopify.com/s/files/1/0693/9492/3685/files/45_7c1cd32d-897c-4cc9-971a-6c52f5d4f916.png?v=1760854597","altText":null}','[{"name":"Design","value":"Celebrate"}]',1200,1);
INSERT INTO inventory (variant_id,quantity) VALUES ('gid://shopify/ProductVariant/45985874837669',NULL);
INSERT INTO variants (id,product_id,title,price_cents,currency,available,image_json,selected_options_json,wholesale_cents,position) VALUES ('gid://shopify/ProductVariant/45985874870437','gid://shopify/Product/9242163413157','Congratulations',2400,'USD',1,'{"url":"https://cdn.shopify.com/s/files/1/0693/9492/3685/files/69.png?v=1760973603","altText":null}','[{"name":"Design","value":"Congratulations"}]',1200,2);
INSERT INTO inventory (variant_id,quantity) VALUES ('gid://shopify/ProductVariant/45985874870437',NULL);
INSERT INTO variants (id,product_id,title,price_cents,currency,available,image_json,selected_options_json,wholesale_cents,position) VALUES ('gid://shopify/ProductVariant/45985874903205','gid://shopify/Product/9242163413157','Deliver To',2400,'USD',1,'{"url":"https://cdn.shopify.com/s/files/1/0693/9492/3685/files/13_95cb9a63-c9e1-4c9c-961e-b30e241762d6.png?v=1760854597","altText":null}','[{"name":"Design","value":"Deliver To"}]',1200,3);
INSERT INTO inventory (variant_id,quantity) VALUES ('gid://shopify/ProductVariant/45985874903205',NULL);
INSERT INTO variants (id,product_id,title,price_cents,currency,available,image_json,selected_options_json,wholesale_cents,position) VALUES ('gid://shopify/ProductVariant/45985874935973','gid://shopify/Product/9242163413157','For Baby Lamb',2400,'USD',1,'{"url":"https://cdn.shopify.com/s/files/1/0693/9492/3685/files/25_adaa4faa-b386-45df-9f34-ff9c78cada86.png?v=1760854597","altText":null}','[{"name":"Design","value":"For Baby Lamb"}]',1200,4);
INSERT INTO inventory (variant_id,quantity) VALUES ('gid://shopify/ProductVariant/45985874935973',NULL);
INSERT INTO variants (id,product_id,title,price_cents,currency,available,image_json,selected_options_json,wholesale_cents,position) VALUES ('gid://shopify/ProductVariant/45985874968741','gid://shopify/Product/9242163413157','Happy Birthday - Grey',2400,'USD',1,'{"url":"https://cdn.shopify.com/s/files/1/0693/9492/3685/files/57_8ec764dd-a55a-4cae-bc41-5f76f4da4479.png?v=1760854597","altText":null}','[{"name":"Design","value":"Happy Birthday - Grey"}]',1200,5);
INSERT INTO inventory (variant_id,quantity) VALUES ('gid://shopify/ProductVariant/45985874968741',NULL);
INSERT INTO variants (id,product_id,title,price_cents,currency,available,image_json,selected_options_json,wholesale_cents,position) VALUES ('gid://shopify/ProductVariant/45985875001509','gid://shopify/Product/9242163413157','Happy Birthday - Pink',2400,'USD',1,'{"url":"https://cdn.shopify.com/s/files/1/0693/9492/3685/files/61_e9624ffb-174e-43da-bd2f-3de92abc43ce.png?v=1760854597","altText":null}','[{"name":"Design","value":"Happy Birthday - Pink"}]',1200,6);
INSERT INTO inventory (variant_id,quantity) VALUES ('gid://shopify/ProductVariant/45985875001509',NULL);
INSERT INTO variants (id,product_id,title,price_cents,currency,available,image_json,selected_options_json,wholesale_cents,position) VALUES ('gid://shopify/ProductVariant/45985875034277','gid://shopify/Product/9242163413157','Love you',2400,'USD',1,'{"url":"https://cdn.shopify.com/s/files/1/0693/9492/3685/files/33_8bfdb39f-e65b-438d-8e1e-7116d121d7df.png?v=1760854597","altText":null}','[{"name":"Design","value":"Love you"}]',1200,7);
INSERT INTO inventory (variant_id,quantity) VALUES ('gid://shopify/ProductVariant/45985875034277',NULL);
INSERT INTO variants (id,product_id,title,price_cents,currency,available,image_json,selected_options_json,wholesale_cents,position) VALUES ('gid://shopify/ProductVariant/45985875067045','gid://shopify/Product/9242163413157','Thank You Grey',2400,'USD',1,'{"url":"https://cdn.shopify.com/s/files/1/0693/9492/3685/files/53.png?v=1760854597","altText":null}','[{"name":"Design","value":"Thank You Grey"}]',1200,8);
INSERT INTO inventory (variant_id,quantity) VALUES ('gid://shopify/ProductVariant/45985875067045',NULL);
INSERT INTO variants (id,product_id,title,price_cents,currency,available,image_json,selected_options_json,wholesale_cents,position) VALUES ('gid://shopify/ProductVariant/45985875099813','gid://shopify/Product/9242163413157','Thank You Pink',2400,'USD',1,'{"url":"https://cdn.shopify.com/s/files/1/0693/9492/3685/files/21_8a0e79bc-4478-489a-939c-3fdd3b42e24f.png?v=1760854597","altText":null}','[{"name":"Design","value":"Thank You Pink"}]',1200,9);
INSERT INTO inventory (variant_id,quantity) VALUES ('gid://shopify/ProductVariant/45985875099813',NULL);
INSERT INTO variants (id,product_id,title,price_cents,currency,available,image_json,selected_options_json,wholesale_cents,position) VALUES ('gid://shopify/ProductVariant/45985875132581','gid://shopify/Product/9242163413157','Thinking of You',2400,'USD',1,'{"url":"https://cdn.shopify.com/s/files/1/0693/9492/3685/files/41_f7640df8-af72-4811-916f-2ae8a5d00ff0.png?v=1760854597","altText":null}','[{"name":"Design","value":"Thinking of You"}]',1200,10);
INSERT INTO inventory (variant_id,quantity) VALUES ('gid://shopify/ProductVariant/45985875132581',NULL);
INSERT INTO variants (id,product_id,title,price_cents,currency,available,image_json,selected_options_json,wholesale_cents,position) VALUES ('gid://shopify/ProductVariant/45985875165349','gid://shopify/Product/9242163413157','Welcome Little One',2400,'USD',1,'{"url":"https://cdn.shopify.com/s/files/1/0693/9492/3685/files/65.png?v=1760973603","altText":null}','[{"name":"Design","value":"Welcome Little One"}]',1200,11);
INSERT INTO inventory (variant_id,quantity) VALUES ('gid://shopify/ProductVariant/45985875165349',NULL);
INSERT INTO variants (id,product_id,title,price_cents,currency,available,image_json,selected_options_json,wholesale_cents,position) VALUES ('gid://shopify/ProductVariant/45985875198117','gid://shopify/Product/9242163413157','Wishing You Well',2400,'USD',1,'{"url":"https://cdn.shopify.com/s/files/1/0693/9492/3685/files/41_29fef5c8-9b7f-4e74-8277-c30f1c69299e.png?v=1760854597","altText":null}','[{"name":"Design","value":"Wishing You Well"}]',1200,12);
INSERT INTO inventory (variant_id,quantity) VALUES ('gid://shopify/ProductVariant/45985875198117',NULL);
INSERT INTO variants (id,product_id,title,price_cents,currency,available,image_json,selected_options_json,wholesale_cents,position) VALUES ('gid://shopify/ProductVariant/45985875230885','gid://shopify/Product/9242163413157','Merry Christmas',2400,'USD',1,'{"url":"https://cdn.shopify.com/s/files/1/0693/9492/3685/files/9_45ae238b-5b3c-4435-9094-03773420e287.png?v=1760854597","altText":null}','[{"name":"Design","value":"Merry Christmas"}]',1200,13);
INSERT INTO inventory (variant_id,quantity) VALUES ('gid://shopify/ProductVariant/45985875230885',NULL);
INSERT INTO variants (id,product_id,title,price_cents,currency,available,image_json,selected_options_json,wholesale_cents,position) VALUES ('gid://shopify/ProductVariant/45985875263653','gid://shopify/Product/9242163413157','Merry Christmas Banner',2400,'USD',1,'{"url":"https://cdn.shopify.com/s/files/1/0693/9492/3685/files/5_d920829c-0f90-4ce0-afba-4ae70002b774.png?v=1760854597","altText":null}','[{"name":"Design","value":"Merry Christmas Banner"}]',1200,14);
INSERT INTO inventory (variant_id,quantity) VALUES ('gid://shopify/ProductVariant/45985875263653',NULL);
INSERT INTO variants (id,product_id,title,price_cents,currency,available,image_json,selected_options_json,wholesale_cents,position) VALUES ('gid://shopify/ProductVariant/45985875296421','gid://shopify/Product/9242163413157','North Pole',2400,'USD',0,'{"url":"https://cdn.shopify.com/s/files/1/0693/9492/3685/files/17_48787595-90ec-46e1-bfed-6629e13b7607.png?v=1760854597","altText":null}','[{"name":"Design","value":"North Pole"}]',1200,15);
INSERT INTO inventory (variant_id,quantity) VALUES ('gid://shopify/ProductVariant/45985875296421',NULL);
INSERT INTO variants (id,product_id,title,price_cents,currency,available,image_json,selected_options_json,wholesale_cents,position) VALUES ('gid://shopify/ProductVariant/45985875329189','gid://shopify/Product/9242163413157','Peace',2400,'USD',1,'{"url":"https://cdn.shopify.com/s/files/1/0693/9492/3685/files/1_baac8faf-4e8c-4a51-8832-09fdd42e6837.png?v=1760854597","altText":null}','[{"name":"Design","value":"Peace"}]',1200,16);
INSERT INTO inventory (variant_id,quantity) VALUES ('gid://shopify/ProductVariant/45985875329189',NULL);
INSERT INTO products (id,handle,title,description,description_html,product_type,tags_json,images_json,price_min_cents,price_max_cents,currency) VALUES ('gid://shopify/Product/9241857458341','grand-tags','Letterpress Grand Tags with Satin Ribbon','Our Grand Tags are generous, frame-worthy tags for gifts that deserve a flourish. Each design is letterpress printed on thick, archival stock with a refined texture and finished with hand-tied ribbon. Select your motif to match the moment—botanical wreaths, heraldic crests, or whimsical illustrations—then personalize with your message. These tags turn any present into a keepsake. Heavyweight cotton stock Letterpress impression Hand-tied ribbon Assorted motifs','<p>Our Grand Tags are generous, frame-worthy tags for gifts that deserve a flourish. Each design is letterpress printed on thick, archival stock with a refined texture and finished with hand-tied ribbon. Select your motif to match the moment—botanical wreaths, heraldic crests, or whimsical illustrations—then personalize with your message. These tags turn any present into a keepsake.</p><ul>
<li>Heavyweight cotton stock</li>
<li>Letterpress impression</li>
<li>Hand-tied ribbon</li>
<li>Assorted motifs</li>
</ul>','Grand Tags','["Botanical","Celebrate","Grand Tags","Satin","Tags","Variant Product"]','[{"url":"https://cdn.shopify.com/s/files/1/0693/9492/3685/files/2_0400ed3a-6fba-4ad3-a3f3-a28831f63837.png?v=1760840544","altText":null,"width":1000,"height":1000},{"url":"https://cdn.shopify.com/s/files/1/0693/9492/3685/files/7_7921cac5-89ba-4920-87db-7518f6e2e098.png?v=1760840544","altText":null,"width":1000,"height":1000},{"url":"https://cdn.shopify.com/s/files/1/0693/9492/3685/files/9.png?v=1760840544","altText":null,"width":1000,"height":1000},{"url":"https://cdn.shopify.com/s/files/1/0693/9492/3685/files/10.png?v=1760840544","altText":null,"width":1000,"height":1000},{"url":"https://cdn.shopify.com/s/files/1/0693/9492/3685/files/11.png?v=1760840544","altText":null,"width":1000,"height":1000},{"url":"https://cdn.shopify.com/s/files/1/0693/9492/3685/files/33.png?v=1760840544","altText":null,"width":1000,"height":1000},{"url":"https://cdn.shopify.com/s/files/1/0693/9492/3685/files/5_4c49664b-341e-43fb-a838-e64e5c07c642.png?v=1760840544","altText":null,"width":1000,"height":1000},{"url":"https://cdn.shopify.com/s/files/1/0693/9492/3685/files/39.png?v=1760840544","altText":null,"width":1000,"height":1000},{"url":"https://cdn.shopify.com/s/files/1/0693/9492/3685/files/40.png?v=1760840544","altText":null,"width":1000,"height":1000},{"url":"https://cdn.shopify.com/s/files/1/0693/9492/3685/files/41.png?v=1760840544","altText":null,"width":1000,"height":1000},{"url":"https://cdn.shopify.com/s/files/1/0693/9492/3685/files/43.png?v=1760840544","altText":null,"width":1000,"height":1000},{"url":"https://cdn.shopify.com/s/files/1/0693/9492/3685/files/42.png?v=1760840544","altText":null,"width":1000,"height":1000},{"url":"https://cdn.shopify.com/s/files/1/0693/9492/3685/files/4_2510978f-e88a-47c0-b6b0-a61c3638d43d.png?v=1760840544","altText":null,"width":1000,"height":1000},{"url":"https://cdn.shopify.com/s/files/1/0693/9492/3685/files/34.png?v=1760840544","altText":null,"width":1000,"height":1000},{"url":"https://cdn.shopify.com/s/files/1/0693/9492/3685/files/35.png?v=1760840544","altText":null,"width":1000,"height":1000},{"url":"https://cdn.shopify.com/s/files/1/0693/9492/3685/files/36.png?v=1760840544","altText":null,"width":1000,"height":1000},{"url":"https://cdn.shopify.com/s/files/1/0693/9492/3685/files/37.png?v=1760840544","altText":null,"width":1000,"height":1000},{"url":"https://cdn.shopify.com/s/files/1/0693/9492/3685/files/38.png?v=1760840544","altText":null,"width":1000,"height":1000},{"url":"https://cdn.shopify.com/s/files/1/0693/9492/3685/files/1_8603e482-a3b2-48dd-8b4a-e8318ccfc447.png?v=1760840544","altText":null,"width":1000,"height":1000},{"url":"https://cdn.shopify.com/s/files/1/0693/9492/3685/files/22.png?v=1760840544","altText":null,"width":1000,"height":1000}]',2000,2000,'USD');
INSERT INTO variants (id,product_id,title,price_cents,currency,available,image_json,selected_options_json,wholesale_cents,position) VALUES ('gid://shopify/ProductVariant/45981944053925','gid://shopify/Product/9241857458341','Blossom',2000,'USD',1,'{"url":"https://cdn.shopify.com/s/files/1/0693/9492/3685/files/6_fe4d0d50-73b9-4ad1-b38c-2099549b52b2.png?v=1760840544","altText":null}','[{"name":"Design","value":"Blossom"}]',1000,0);
INSERT INTO inventory (variant_id,quantity) VALUES ('gid://shopify/ProductVariant/45981944053925',NULL);
INSERT INTO variants (id,product_id,title,price_cents,currency,available,image_json,selected_options_json,wholesale_cents,position) VALUES ('gid://shopify/ProductVariant/45981944086693','gid://shopify/Product/9241857458341','Floral Wreath',2000,'USD',1,'{"url":"https://cdn.shopify.com/s/files/1/0693/9492/3685/files/3_31b0e732-851e-4731-9df7-80858497bc10.png?v=1760840544","altText":null}','[{"name":"Design","value":"Floral Wreath"}]',1000,1);
INSERT INTO inventory (variant_id,quantity) VALUES ('gid://shopify/ProductVariant/45981944086693',NULL);
INSERT INTO variants (id,product_id,title,price_cents,currency,available,image_json,selected_options_json,wholesale_cents,position) VALUES ('gid://shopify/ProductVariant/45981944119461','gid://shopify/Product/9241857458341','For You Wreath',2000,'USD',1,'{"url":"https://cdn.shopify.com/s/files/1/0693/9492/3685/files/2_0400ed3a-6fba-4ad3-a3f3-a28831f63837.png?v=1760840544","altText":null}','[{"name":"Design","value":"For You Wreath"}]',1000,2);
INSERT INTO inventory (variant_id,quantity) VALUES ('gid://shopify/ProductVariant/45981944119461',NULL);
INSERT INTO variants (id,product_id,title,price_cents,currency,available,image_json,selected_options_json,wholesale_cents,position) VALUES ('gid://shopify/ProductVariant/45981944184997','gid://shopify/Product/9241857458341','Hummingbird',2000,'USD',1,'{"url":"https://cdn.shopify.com/s/files/1/0693/9492/3685/files/1_8603e482-a3b2-48dd-8b4a-e8318ccfc447.png?v=1760840544","altText":null}','[{"name":"Design","value":"Hummingbird"}]',1000,3);
INSERT INTO inventory (variant_id,quantity) VALUES ('gid://shopify/ProductVariant/45981944184997',NULL);
INSERT INTO variants (id,product_id,title,price_cents,currency,available,image_json,selected_options_json,wholesale_cents,position) VALUES ('gid://shopify/ProductVariant/45981944217765','gid://shopify/Product/9241857458341','Strawberry Fields',2000,'USD',1,'{"url":"https://cdn.shopify.com/s/files/1/0693/9492/3685/files/5_4c49664b-341e-43fb-a838-e64e5c07c642.png?v=1760840544","altText":null}','[{"name":"Design","value":"Strawberry Fields"}]',1000,4);
INSERT INTO inventory (variant_id,quantity) VALUES ('gid://shopify/ProductVariant/45981944217765',NULL);
INSERT INTO variants (id,product_id,title,price_cents,currency,available,image_json,selected_options_json,wholesale_cents,position) VALUES ('gid://shopify/ProductVariant/45981944250533','gid://shopify/Product/9241857458341','Toile',2000,'USD',1,'{"url":"https://cdn.shopify.com/s/files/1/0693/9492/3685/files/4_2510978f-e88a-47c0-b6b0-a61c3638d43d.png?v=1760840544","altText":null}','[{"name":"Design","value":"Toile"}]',1000,5);
INSERT INTO inventory (variant_id,quantity) VALUES ('gid://shopify/ProductVariant/45981944250533',NULL);
INSERT INTO products (id,handle,title,description,description_html,product_type,tags_json,images_json,price_min_cents,price_max_cents,currency) VALUES ('gid://shopify/Product/9242070810789','longbourn-stationery','Letterpress Note Card & Envelope Set','A note penned on fine stationery is a quiet act of grace. Each Longbourn design offers its own charm — from delicate pastels and tailored nautical trims to playful hearts and ornate ribbons. Printed on thick, smooth paper that welcomes fountain pen ink or a favorite ballpoint, these cards elevate correspondence into an art form.Perfect for thank‑you notes, invitations, or a thoughtful hello. Choose a design for every sentiment and season. Flat card with coordinating envelope Luxe, heavyweight paper Dimensions: 2.5 x 3 inches Designed and printed in the U.S.A.','<p>A note penned on fine stationery is a quiet act of grace. Each Longbourn design offers its own charm — from delicate pastels and tailored nautical trims to playful hearts and ornate ribbons. Printed on thick, smooth paper that welcomes fountain pen ink or a favorite ballpoint, these cards elevate correspondence into an art form.</p><p>Perfect for thank‑you notes, invitations, or a thoughtful hello. Choose a design for every sentiment and season.</p><ul>
<li>Flat card with coordinating envelope</li>
<li>Luxe, heavyweight paper</li>
<li>Dimensions: 2.5 x 3 inches</li>
<li>Designed and printed in the U.S.A.</li>
</ul>','Stationery','["longbourn","notecards","stationery"]','[{"url":"https://cdn.shopify.com/s/files/1/0693/9492/3685/files/25_9a9adbd5-3291-49a4-bdaf-4b43e0f2dd37.png?v=1760840001","altText":null,"width":1000,"height":1000},{"url":"https://cdn.shopify.com/s/files/1/0693/9492/3685/files/26_83e0588a-a2f1-4523-b875-a1603953f699.png?v=1760840001","altText":null,"width":1000,"height":1000},{"url":"https://cdn.shopify.com/s/files/1/0693/9492/3685/files/27_c375a9b6-1628-411b-97da-659cbfaa8764.png?v=1760840001","altText":null,"width":1000,"height":1000},{"url":"https://cdn.shopify.com/s/files/1/0693/9492/3685/files/28_3478b89f-b610-46fa-9dad-3fd3eed002e1.png?v=1760840001","altText":null,"width":1000,"height":1000},{"url":"https://cdn.shopify.com/s/files/1/0693/9492/3685/files/29_12ac152e-d2ee-42d4-8f88-671ce8266c01.png?v=1760840001","altText":null,"width":1000,"height":1000},{"url":"https://cdn.shopify.com/s/files/1/0693/9492/3685/files/30_8d90fa39-2cc2-40f1-a5ae-fefa50ca1a90.png?v=1760840001","altText":null,"width":1000,"height":1000},{"url":"https://cdn.shopify.com/s/files/1/0693/9492/3685/files/31_21a012ed-31fb-4764-849f-4ac0c3138ae2.png?v=1760840001","altText":null,"width":1000,"height":1000},{"url":"https://cdn.shopify.com/s/files/1/0693/9492/3685/files/32_ae9b1807-90d4-47cf-8d02-a3e56d581c84.png?v=1760840001","altText":null,"width":1000,"height":1000},{"url":"https://cdn.shopify.com/s/files/1/0693/9492/3685/files/33_38747d96-156e-4512-8875-423c16e34306.png?v=1760840001","altText":null,"width":1000,"height":1000},{"url":"https://cdn.shopify.com/s/files/1/0693/9492/3685/files/34_9de5ab39-9432-4e46-bc7a-ea8accb5720d.png?v=1760840001","altText":null,"width":1000,"height":1000},{"url":"https://cdn.shopify.com/s/files/1/0693/9492/3685/files/35_56a2bb89-29b0-41b4-9c5a-407626a5395b.png?v=1760840001","altText":null,"width":1000,"height":1000},{"url":"https://cdn.shopify.com/s/files/1/0693/9492/3685/files/36_14884719-c5ff-4a2f-98f5-289924fad0f1.png?v=1760840001","altText":null,"width":1000,"height":1000},{"url":"https://cdn.shopify.com/s/files/1/0693/9492/3685/files/7_7ff847aa-4391-4f27-a0e6-69f6c9063835.png?v=1760840001","altText":null,"width":1000,"height":1000},{"url":"https://cdn.shopify.com/s/files/1/0693/9492/3685/files/8_60efdf3f-d3df-4ef4-bc33-61d409fa4a6c.png?v=1760840001","altText":null,"width":1000,"height":1000},{"url":"https://cdn.shopify.com/s/files/1/0693/9492/3685/files/9_94aa612d-cbe1-435d-801b-00296ecc63f2.png?v=1760840001","altText":null,"width":1000,"height":1000},{"url":"https://cdn.shopify.com/s/files/1/0693/9492/3685/files/10_2ee26680-31e3-4332-b4dd-f11731ebf249.png?v=1760840001","altText":null,"width":1000,"height":1000},{"url":"https://cdn.shopify.com/s/files/1/0693/9492/3685/files/11_67d8c9d6-550d-4534-bc65-f81184b380b6.png?v=1760840001","altText":null,"width":1000,"height":1000},{"url":"https://cdn.shopify.com/s/files/1/0693/9492/3685/files/12_8b4bab89-306d-4bab-8d20-3ce0312a023b.png?v=1760840001","altText":null,"width":1000,"height":1000},{"url":"https://cdn.shopify.com/s/files/1/0693/9492/3685/files/13_c1b57df3-a8af-45e6-ad41-5767058bd3a7.png?v=1760840001","altText":null,"width":1000,"height":1000},{"url":"https://cdn.shopify.com/s/files/1/0693/9492/3685/files/14_b20c3438-3068-4210-8dec-0dcad9e2b504.png?v=1760840001","altText":null,"width":1000,"height":1000}]',2400,2400,'USD');
INSERT INTO variants (id,product_id,title,price_cents,currency,available,image_json,selected_options_json,wholesale_cents,position) VALUES ('gid://shopify/ProductVariant/45985504460965','gid://shopify/Product/9242070810789','Baby Blue',2400,'USD',1,'{"url":"https://cdn.shopify.com/s/files/1/0693/9492/3685/files/25_9a9adbd5-3291-49a4-bdaf-4b43e0f2dd37.png?v=1760840001","altText":null}','[{"name":"Design","value":"Baby Blue"}]',1200,0);
INSERT INTO inventory (variant_id,quantity) VALUES ('gid://shopify/ProductVariant/45985504460965',NULL);
INSERT INTO variants (id,product_id,title,price_cents,currency,available,image_json,selected_options_json,wholesale_cents,position) VALUES ('gid://shopify/ProductVariant/45985504493733','gid://shopify/Product/9242070810789','Baby Blush',2400,'USD',1,'{"url":"https://cdn.shopify.com/s/files/1/0693/9492/3685/files/31_21a012ed-31fb-4764-849f-4ac0c3138ae2.png?v=1760840001","altText":null}','[{"name":"Design","value":"Baby Blush"}]',1200,1);
INSERT INTO inventory (variant_id,quantity) VALUES ('gid://shopify/ProductVariant/45985504493733',NULL);
INSERT INTO variants (id,product_id,title,price_cents,currency,available,image_json,selected_options_json,wholesale_cents,position) VALUES ('gid://shopify/ProductVariant/45985504526501','gid://shopify/Product/9242070810789','Hearts',2400,'USD',1,'{"url":"https://cdn.shopify.com/s/files/1/0693/9492/3685/files/7_7ff847aa-4391-4f27-a0e6-69f6c9063835.png?v=1760840001","altText":null}','[{"name":"Design","value":"Hearts"}]',1200,2);
INSERT INTO inventory (variant_id,quantity) VALUES ('gid://shopify/ProductVariant/45985504526501',NULL);
INSERT INTO variants (id,product_id,title,price_cents,currency,available,image_json,selected_options_json,wholesale_cents,position) VALUES ('gid://shopify/ProductVariant/45985504559269','gid://shopify/Product/9242070810789','Nautical',2400,'USD',1,'{"url":"https://cdn.shopify.com/s/files/1/0693/9492/3685/files/13_c1b57df3-a8af-45e6-ad41-5767058bd3a7.png?v=1760840001","altText":null}','[{"name":"Design","value":"Nautical"}]',1200,3);
INSERT INTO inventory (variant_id,quantity) VALUES ('gid://shopify/ProductVariant/45985504559269',NULL);
INSERT INTO variants (id,product_id,title,price_cents,currency,available,image_json,selected_options_json,wholesale_cents,position) VALUES ('gid://shopify/ProductVariant/45985504592037','gid://shopify/Product/9242070810789','Royal We',2400,'USD',1,'{"url":"https://cdn.shopify.com/s/files/1/0693/9492/3685/files/19_818d0f6b-7df9-402e-abb8-3442e74504a3.png?v=1760840001","altText":null}','[{"name":"Design","value":"Royal We"}]',1200,4);
INSERT INTO inventory (variant_id,quantity) VALUES ('gid://shopify/ProductVariant/45985504592037',NULL);
INSERT INTO variants (id,product_id,title,price_cents,currency,available,image_json,selected_options_json,wholesale_cents,position) VALUES ('gid://shopify/ProductVariant/45985504624805','gid://shopify/Product/9242070810789','To the Hive',2400,'USD',1,'{"url":"https://cdn.shopify.com/s/files/1/0693/9492/3685/files/1_0ef74e32-441e-48e0-bb98-d822e2d72764.png?v=1760840001","altText":null}','[{"name":"Design","value":"To the Hive"}]',1200,5);
INSERT INTO inventory (variant_id,quantity) VALUES ('gid://shopify/ProductVariant/45985504624805',NULL);
INSERT INTO products (id,handle,title,description,description_html,product_type,tags_json,images_json,price_min_cents,price_max_cents,currency) VALUES ('gid://shopify/Product/9243225620645','petite-cards-singles-six-packs','Petite Letterpress Note Cards','Some gestures are better whispered than shouted. A handwritten note slipped into a book, tucked under a cup, or left by a door says what emails never could — I thought of you, and it mattered enough to pause. Each Petite Card was designed for that moment. Printed on soft, cotton paper that remembers the press of the letterform, they carry a quiet confidence — elegant but unpretentious, beautiful without trying too hard. They are the sort of cards that live in desk drawers beside good pens and secrets, ready for the next thank-you, congratulations, or confession. Keep a six-pack and never be caught without a proper note again — or choose a single to accompany a gift, a gesture, or something that deserves its own envelope. Longbourn Papers. For the beautiful act of slowing down. Proudly Made in the USA.','<p class="p1">Some gestures are better whispered than shouted. A handwritten note slipped into a book, tucked under a cup, or left by a door says what emails never could — <i>I thought of you, and it mattered enough to pause.</i><i></i></p>
<p class="p2"><br></p>
<p class="p1">Each Petite Card was designed for that moment. Printed on soft, cotton paper that remembers the press of the letterform, they carry a quiet confidence — elegant but unpretentious, beautiful without trying too hard. They are the sort of cards that live in desk drawers beside good pens and secrets, ready for the next thank-you, congratulations, or confession.</p>
<p class="p2"><br></p>
<p class="p1">Keep a six-pack and never be caught without a proper note again — or choose a single to accompany a gift, a gesture, or something that deserves its own envelope.</p>
<p class="p2"><br></p>
<p class="p3"><b>Longbourn Papers. For the beautiful act of slowing down.</b><br></p>
<p class="p3"><b>Proudly Made in the USA.</b></p>','Petite Cards','["The Birds & The Bees; Gift Add-On; Petite Cards"]','[{"url":"https://cdn.shopify.com/s/files/1/0693/9492/3685/files/41_73d9181f-e427-4c60-95b7-257662fe891c.png?v=1761084507","altText":null,"width":1000,"height":1000},{"url":"https://cdn.shopify.com/s/files/1/0693/9492/3685/files/42_30f8b772-fa93-4865-b6db-7f64ffc9d9ec.png?v=1761084507","altText":null,"width":1000,"height":1000},{"url":"https://cdn.shopify.com/s/files/1/0693/9492/3685/files/43_865fe89f-f86f-4b73-8752-668b789e3466.png?v=1761084507","altText":null,"width":1000,"height":1000},{"url":"https://cdn.shopify.com/s/files/1/0693/9492/3685/files/44_5d8721dc-7185-4bf3-bf9a-f17e7937cc9d.png?v=1761084507","altText":null,"width":1000,"height":1000},{"url":"https://cdn.shopify.com/s/files/1/0693/9492/3685/files/66_9dbe61d2-b680-4b23-a6e1-612fe033a2ed.png?v=1761084507","altText":null,"width":1000,"height":1000},{"url":"https://cdn.shopify.com/s/files/1/0693/9492/3685/files/68_7c38e66b-0d21-4955-b07f-21f195b71b19.png?v=1761084507","altText":null,"width":1000,"height":1000},{"url":"https://cdn.shopify.com/s/files/1/0693/9492/3685/files/67_8264ac0d-7bbd-4a3b-b951-3177529941a4.png?v=1761084507","altText":null,"width":1000,"height":1000},{"url":"https://cdn.shopify.com/s/files/1/0693/9492/3685/files/69_4777efbe-276d-41a7-a064-82b7916f1e27.png?v=1761084507","altText":null,"width":1000,"height":1000},{"url":"https://cdn.shopify.com/s/files/1/0693/9492/3685/files/70_2f011ef4-1be9-4da1-a137-28f32bd58829.png?v=1761084507","altText":null,"width":1000,"height":1000},{"url":"https://cdn.shopify.com/s/files/1/0693/9492/3685/files/16_f3950d19-66bc-4380-a04a-5f07ea4064f1.png?v=1761084507","altText":null,"width":1000,"height":1000},{"url":"https://cdn.shopify.com/s/files/1/0693/9492/3685/files/17_8bcc4ec4-3ab5-4ec3-9ac7-b92d96f0743e.png?v=1761084507","altText":null,"width":1000,"height":1000},{"url":"https://cdn.shopify.com/s/files/1/0693/9492/3685/files/18_56a6bce7-f8a9-44f6-9459-7671381c18e1.png?v=1761084507","altText":null,"width":1000,"height":1000},{"url":"https://cdn.shopify.com/s/files/1/0693/9492/3685/files/26_54d0a9ba-8784-46ad-b8b7-d604f8cc8745.png?v=1761084507","altText":null,"width":1000,"height":1000},{"url":"https://cdn.shopify.com/s/files/1/0693/9492/3685/files/27_a05d19bc-b7a4-4ab5-aaef-beac358ba073.png?v=1761084507","altText":null,"width":1000,"height":1000},{"url":"https://cdn.shopify.com/s/files/1/0693/9492/3685/files/28_87e63480-8de4-4398-998e-9cf2968ada2d.png?v=1761084507","altText":null,"width":1000,"height":1000},{"url":"https://cdn.shopify.com/s/files/1/0693/9492/3685/files/74.png?v=1761084507","altText":null,"width":1000,"height":1000},{"url":"https://cdn.shopify.com/s/files/1/0693/9492/3685/files/75.png?v=1761084507","altText":null,"width":1000,"height":1000},{"url":"https://cdn.shopify.com/s/files/1/0693/9492/3685/files/1_9ebdce1e-5aad-402e-aa5d-64c0a85458bf.png?v=1761084507","altText":null,"width":1000,"height":1000},{"url":"https://cdn.shopify.com/s/files/1/0693/9492/3685/files/2_d4bdda69-c229-4e0a-a1af-02b423562570.png?v=1761084507","altText":null,"width":1000,"height":1000},{"url":"https://cdn.shopify.com/s/files/1/0693/9492/3685/files/3_6738afd6-fa16-4395-a8c0-b705b0f08418.png?v=1761084507","altText":null,"width":1000,"height":1000}]',400,1800,'USD');
INSERT INTO variants (id,product_id,title,price_cents,currency,available,image_json,selected_options_json,wholesale_cents,position) VALUES ('gid://shopify/ProductVariant/45991200882853','gid://shopify/Product/9243225620645','Birthday Cake / 6-Pack',1800,'USD',1,'{"url":"https://cdn.shopify.com/s/files/1/0693/9492/3685/files/66_9dbe61d2-b680-4b23-a6e1-612fe033a2ed.png?v=1761084507","altText":null}','[{"name":"Design","value":"Birthday Cake"},{"name":"Pack Size","value":"6-Pack"}]',900,0);
INSERT INTO inventory (variant_id,quantity) VALUES ('gid://shopify/ProductVariant/45991200882853',NULL);
INSERT INTO variants (id,product_id,title,price_cents,currency,available,image_json,selected_options_json,wholesale_cents,position) VALUES ('gid://shopify/ProductVariant/45991200850085','gid://shopify/Product/9243225620645','Birthday Cake / Single',400,'USD',1,'{"url":"https://cdn.shopify.com/s/files/1/0693/9492/3685/files/66_9dbe61d2-b680-4b23-a6e1-612fe033a2ed.png?v=1761084507","altText":null}','[{"name":"Design","value":"Birthday Cake"},{"name":"Pack Size","value":"Single"}]',200,1);
INSERT INTO inventory (variant_id,quantity) VALUES ('gid://shopify/ProductVariant/45991200850085',NULL);
INSERT INTO variants (id,product_id,title,price_cents,currency,available,image_json,selected_options_json,wholesale_cents,position) VALUES ('gid://shopify/ProductVariant/45991201603749','gid://shopify/Product/9243225620645','Dream / 6-Pack',1800,'USD',1,'{"url":"https://cdn.shopify.com/s/files/1/0693/9492/3685/files/6_f6acc832-cbd5-4142-959b-a40f1797bf5c.png?v=1761084507","altText":null}','[{"name":"Design","value":"Dream"},{"name":"Pack Size","value":"6-Pack"}]',900,2);
INSERT INTO inventory (variant_id,quantity) VALUES ('gid://shopify/ProductVariant/45991201603749',NULL);
INSERT INTO variants (id,product_id,title,price_cents,currency,available,image_json,selected_options_json,wholesale_cents,position) VALUES ('gid://shopify/ProductVariant/45991201570981','gid://shopify/Product/9243225620645','Dream / Single',400,'USD',1,'{"url":"https://cdn.shopify.com/s/files/1/0693/9492/3685/files/6_f6acc832-cbd5-4142-959b-a40f1797bf5c.png?v=1761084507","altText":null}','[{"name":"Design","value":"Dream"},{"name":"Pack Size","value":"Single"}]',200,3);
INSERT INTO inventory (variant_id,quantity) VALUES ('gid://shopify/ProductVariant/45991201570981',NULL);
INSERT INTO variants (id,product_id,title,price_cents,currency,available,image_json,selected_options_json,wholesale_cents,position) VALUES ('gid://shopify/ProductVariant/45991200817317','gid://shopify/Product/9243225620645','Queen Bee / 6-Pack',1800,'USD',1,'{"url":"https://cdn.shopify.com/s/files/1/0693/9492/3685/files/41_73d9181f-e427-4c60-95b7-257662fe891c.png?v=1761084507","altText":null}','[{"name":"Design","value":"Queen Bee"},{"name":"Pack Size","value":"6-Pack"}]',900,4);
INSERT INTO inventory (variant_id,quantity) VALUES ('gid://shopify/ProductVariant/45991200817317',NULL);
INSERT INTO variants (id,product_id,title,price_cents,currency,available,image_json,selected_options_json,wholesale_cents,position) VALUES ('gid://shopify/ProductVariant/45991200784549','gid://shopify/Product/9243225620645','Queen Bee / Single',400,'USD',1,'{"url":"https://cdn.shopify.com/s/files/1/0693/9492/3685/files/41_73d9181f-e427-4c60-95b7-257662fe891c.png?v=1761084507","altText":null}','[{"name":"Design","value":"Queen Bee"},{"name":"Pack Size","value":"Single"}]',200,5);
INSERT INTO inventory (variant_id,quantity) VALUES ('gid://shopify/ProductVariant/45991200784549',NULL);
INSERT INTO variants (id,product_id,title,price_cents,currency,available,image_json,selected_options_json,wholesale_cents,position) VALUES ('gid://shopify/ProductVariant/45991200948389','gid://shopify/Product/9243225620645','Laurel / 6-Pack',1800,'USD',1,'{"url":"https://cdn.shopify.com/s/files/1/0693/9492/3685/files/16_f3950d19-66bc-4380-a04a-5f07ea4064f1.png?v=1761084507","altText":null}','[{"name":"Design","value":"Laurel"},{"name":"Pack Size","value":"6-Pack"}]',900,6);
INSERT INTO inventory (variant_id,quantity) VALUES ('gid://shopify/ProductVariant/45991200948389',NULL);
INSERT INTO variants (id,product_id,title,price_cents,currency,available,image_json,selected_options_json,wholesale_cents,position) VALUES ('gid://shopify/ProductVariant/45991200915621','gid://shopify/Product/9243225620645','Laurel / Single',400,'USD',1,'{"url":"https://cdn.shopify.com/s/files/1/0693/9492/3685/files/16_f3950d19-66bc-4380-a04a-5f07ea4064f1.png?v=1761084507","altText":null}','[{"name":"Design","value":"Laurel"},{"name":"Pack Size","value":"Single"}]',200,7);
INSERT INTO inventory (variant_id,quantity) VALUES ('gid://shopify/ProductVariant/45991200915621',NULL);
INSERT INTO variants (id,product_id,title,price_cents,currency,available,image_json,selected_options_json,wholesale_cents,position) VALUES ('gid://shopify/ProductVariant/45991201013925','gid://shopify/Product/9243225620645','Queen’s Guard / 6-Pack',1800,'USD',1,'{"url":"https://cdn.shopify.com/s/files/1/0693/9492/3685/files/26_54d0a9ba-8784-46ad-b8b7-d604f8cc8745.png?v=1761084507","altText":null}','[{"name":"Design","value":"Queen\u2019s Guard"},{"name":"Pack Size","value":"6-Pack"}]',900,8);
INSERT INTO inventory (variant_id,quantity) VALUES ('gid://shopify/ProductVariant/45991201013925',NULL);
INSERT INTO variants (id,product_id,title,price_cents,currency,available,image_json,selected_options_json,wholesale_cents,position) VALUES ('gid://shopify/ProductVariant/45991200981157','gid://shopify/Product/9243225620645','Queen’s Guard / Single',400,'USD',1,'{"url":"https://cdn.shopify.com/s/files/1/0693/9492/3685/files/26_54d0a9ba-8784-46ad-b8b7-d604f8cc8745.png?v=1761084507","altText":null}','[{"name":"Design","value":"Queen\u2019s Guard"},{"name":"Pack Size","value":"Single"}]',200,9);
INSERT INTO inventory (variant_id,quantity) VALUES ('gid://shopify/ProductVariant/45991200981157',NULL);
INSERT INTO variants (id,product_id,title,price_cents,currency,available,image_json,selected_options_json,wholesale_cents,position) VALUES ('gid://shopify/ProductVariant/45991201079461','gid://shopify/Product/9243225620645','Union Jack / 6-Pack',1800,'USD',1,'{"url":"https://cdn.shopify.com/s/files/1/0693/9492/3685/files/74.png?v=1761084507","altText":null}','[{"name":"Design","value":"Union Jack"},{"name":"Pack Size","value":"6-Pack"}]',900,10);
INSERT INTO inventory (variant_id,quantity) VALUES ('gid://shopify/ProductVariant/45991201079461',NULL);
INSERT INTO variants (id,product_id,title,price_cents,currency,available,image_json,selected_options_json,wholesale_cents,position) VALUES ('gid://shopify/ProductVariant/45991201046693','gid://shopify/Product/9243225620645','Union Jack / Single',400,'USD',1,'{"url":"https://cdn.shopify.com/s/files/1/0693/9492/3685/files/74.png?v=1761084507","altText":null}','[{"name":"Design","value":"Union Jack"},{"name":"Pack Size","value":"Single"}]',200,11);
INSERT INTO inventory (variant_id,quantity) VALUES ('gid://shopify/ProductVariant/45991201046693',NULL);
INSERT INTO variants (id,product_id,title,price_cents,currency,available,image_json,selected_options_json,wholesale_cents,position) VALUES ('gid://shopify/ProductVariant/45991201144997','gid://shopify/Product/9243225620645','Teapot / 6-Pack',1800,'USD',1,'{"url":"https://cdn.shopify.com/s/files/1/0693/9492/3685/files/1_9ebdce1e-5aad-402e-aa5d-64c0a85458bf.png?v=1761084507","altText":null}','[{"name":"Design","value":"Teapot"},{"name":"Pack Size","value":"6-Pack"}]',900,12);
INSERT INTO inventory (variant_id,quantity) VALUES ('gid://shopify/ProductVariant/45991201144997',NULL);
INSERT INTO variants (id,product_id,title,price_cents,currency,available,image_json,selected_options_json,wholesale_cents,position) VALUES ('gid://shopify/ProductVariant/45991201112229','gid://shopify/Product/9243225620645','Teapot / Single',400,'USD',1,'{"url":"https://cdn.shopify.com/s/files/1/0693/9492/3685/files/1_9ebdce1e-5aad-402e-aa5d-64c0a85458bf.png?v=1761084507","altText":null}','[{"name":"Design","value":"Teapot"},{"name":"Pack Size","value":"Single"}]',200,13);
INSERT INTO inventory (variant_id,quantity) VALUES ('gid://shopify/ProductVariant/45991201112229',NULL);
INSERT INTO variants (id,product_id,title,price_cents,currency,available,image_json,selected_options_json,wholesale_cents,position) VALUES ('gid://shopify/ProductVariant/45991201210533','gid://shopify/Product/9243225620645','Teacup / 6-Pack',1800,'USD',1,'{"url":"https://cdn.shopify.com/s/files/1/0693/9492/3685/files/21_bade8fd6-891b-4cde-a3a4-e2ec019c6d84.png?v=1761084507","altText":null}','[{"name":"Design","value":"Teacup"},{"name":"Pack Size","value":"6-Pack"}]',900,14);
INSERT INTO inventory (variant_id,quantity) VALUES ('gid://shopify/ProductVariant/45991201210533',NULL);
INSERT INTO variants (id,product_id,title,price_cents,currency,available,image_json,selected_options_json,wholesale_cents,position) VALUES ('gid://shopify/ProductVariant/45991201177765','gid://shopify/Product/9243225620645','Teacup / Single',400,'USD',1,'{"url":"https://cdn.shopify.com/s/files/1/0693/9492/3685/files/21_bade8fd6-891b-4cde-a3a4-e2ec019c6d84.png?v=1761084507","altText":null}','[{"name":"Design","value":"Teacup"},{"name":"Pack Size","value":"Single"}]',200,15);
INSERT INTO inventory (variant_id,quantity) VALUES ('gid://shopify/ProductVariant/45991201177765',NULL);
INSERT INTO variants (id,product_id,title,price_cents,currency,available,image_json,selected_options_json,wholesale_cents,position) VALUES ('gid://shopify/ProductVariant/45991201276069','gid://shopify/Product/9243225620645','Eleanor / 6-Pack',1800,'USD',1,'{"url":"https://cdn.shopify.com/s/files/1/0693/9492/3685/files/51.png?v=1761084507","altText":null}','[{"name":"Design","value":"Eleanor"},{"name":"Pack Size","value":"6-Pack"}]',900,16);
INSERT INTO inventory (variant_id,quantity) VALUES ('gid://shopify/ProductVariant/45991201276069',NULL);
INSERT INTO variants (id,product_id,title,price_cents,currency,available,image_json,selected_options_json,wholesale_cents,position) VALUES ('gid://shopify/ProductVariant/45991201243301','gid://shopify/Product/9243225620645','Eleanor / Single',400,'USD',1,'{"url":"https://cdn.shopify.com/s/files/1/0693/9492/3685/files/51.png?v=1761084507","altText":null}','[{"name":"Design","value":"Eleanor"},{"name":"Pack Size","value":"Single"}]',200,17);
INSERT INTO inventory (variant_id,quantity) VALUES ('gid://shopify/ProductVariant/45991201243301',NULL);
INSERT INTO variants (id,product_id,title,price_cents,currency,available,image_json,selected_options_json,wholesale_cents,position) VALUES ('gid://shopify/ProductVariant/45991201341605','gid://shopify/Product/9243225620645','Thomas / 6-Pack',1800,'USD',1,'{"url":"https://cdn.shopify.com/s/files/1/0693/9492/3685/files/56_f26bc05e-d6a9-4cde-8541-b314bd12febc.png?v=1761084507","altText":null}','[{"name":"Design","value":"Thomas"},{"name":"Pack Size","value":"6-Pack"}]',900,18);
INSERT INTO inventory (variant_id,quantity) VALUES ('gid://shopify/ProductVariant/45991201341605',NULL);
INSERT INTO variants (id,product_id,title,price_cents,currency,available,image_json,selected_options_json,wholesale_cents,position) VALUES ('gid://shopify/ProductVariant/45991201308837','gid://shopify/Product/9243225620645','Thomas / Single',400,'USD',1,'{"url":"https://cdn.shopify.com/s/files/1/0693/9492/3685/files/56_f26bc05e-d6a9-4cde-8541-b314bd12febc.png?v=1761084507","altText":null}','[{"name":"Design","value":"Thomas"},{"name":"Pack Size","value":"Single"}]',200,19);
INSERT INTO inventory (variant_id,quantity) VALUES ('gid://shopify/ProductVariant/45991201308837',NULL);
INSERT INTO variants (id,product_id,title,price_cents,currency,available,image_json,selected_options_json,wholesale_cents,position) VALUES ('gid://shopify/ProductVariant/45991201407141','gid://shopify/Product/9243225620645','Oak Leaf / 6-Pack',1800,'USD',1,'{"url":"https://cdn.shopify.com/s/files/1/0693/9492/3685/files/46_abd00e5c-cb28-4838-bd8a-4ef0c4d2740c.png?v=1761084507","altText":null}','[{"name":"Design","value":"Oak Leaf"},{"name":"Pack Size","value":"6-Pack"}]',900,20);
INSERT INTO inventory (variant_id,quantity) VALUES ('gid://shopify/ProductVariant/45991201407141',NULL);
INSERT INTO variants (id,product_id,title,price_cents,currency,available,image_json,selected_options_json,wholesale_cents,position) VALUES ('gid://shopify/ProductVariant/45991201374373','gid://shopify/Product/9243225620645','Oak Leaf / Single',400,'USD',1,'{"url":"https://cdn.shopify.com/s/files/1/0693/9492/3685/files/46_abd00e5c-cb28-4838-bd8a-4ef0c4d2740c.png?v=1761084507","altText":null}','[{"name":"Design","value":"Oak Leaf"},{"name":"Pack Size","value":"Single"}]',200,21);
INSERT INTO inventory (variant_id,quantity) VALUES ('gid://shopify/ProductVariant/45991201374373',NULL);
INSERT INTO variants (id,product_id,title,price_cents,currency,available,image_json,selected_options_json,wholesale_cents,position) VALUES ('gid://shopify/ProductVariant/45991201472677','gid://shopify/Product/9243225620645','Wheat Sheaf / 6-Pack',1800,'USD',1,'{"url":"https://cdn.shopify.com/s/files/1/0693/9492/3685/files/11_1134b79c-becf-4fe8-8783-1858e4564b28.png?v=1761084507","altText":null}','[{"name":"Design","value":"Wheat Sheaf"},{"name":"Pack Size","value":"6-Pack"}]',900,22);
INSERT INTO inventory (variant_id,quantity) VALUES ('gid://shopify/ProductVariant/45991201472677',NULL);
INSERT INTO variants (id,product_id,title,price_cents,currency,available,image_json,selected_options_json,wholesale_cents,position) VALUES ('gid://shopify/ProductVariant/45991201439909','gid://shopify/Product/9243225620645','Wheat Sheaf / Single',400,'USD',1,'{"url":"https://cdn.shopify.com/s/files/1/0693/9492/3685/files/11_1134b79c-becf-4fe8-8783-1858e4564b28.png?v=1761084507","altText":null}','[{"name":"Design","value":"Wheat Sheaf"},{"name":"Pack Size","value":"Single"}]',200,23);
INSERT INTO inventory (variant_id,quantity) VALUES ('gid://shopify/ProductVariant/45991201439909',NULL);
INSERT INTO variants (id,product_id,title,price_cents,currency,available,image_json,selected_options_json,wholesale_cents,position) VALUES ('gid://shopify/ProductVariant/45991201538213','gid://shopify/Product/9243225620645','Kiss Me / 6-Pack',1800,'USD',1,'{"url":"https://cdn.shopify.com/s/files/1/0693/9492/3685/files/36_e3220739-37ec-4048-b0e7-8fee344f4f04.png?v=1761084507","altText":null}','[{"name":"Design","value":"Kiss Me"},{"name":"Pack Size","value":"6-Pack"}]',900,24);
INSERT INTO inventory (variant_id,quantity) VALUES ('gid://shopify/ProductVariant/45991201538213',NULL);
INSERT INTO variants (id,product_id,title,price_cents,currency,available,image_json,selected_options_json,wholesale_cents,position) VALUES ('gid://shopify/ProductVariant/45991201505445','gid://shopify/Product/9243225620645','Kiss Me / Single',400,'USD',1,'{"url":"https://cdn.shopify.com/s/files/1/0693/9492/3685/files/36_e3220739-37ec-4048-b0e7-8fee344f4f04.png?v=1761084507","altText":null}','[{"name":"Design","value":"Kiss Me"},{"name":"Pack Size","value":"Single"}]',200,25);
INSERT INTO inventory (variant_id,quantity) VALUES ('gid://shopify/ProductVariant/45991201505445',NULL);
INSERT INTO variants (id,product_id,title,price_cents,currency,available,image_json,selected_options_json,wholesale_cents,position) VALUES ('gid://shopify/ProductVariant/45991201669285','gid://shopify/Product/9243225620645','Star of David / 6-Pack',1800,'USD',1,'{"url":"https://cdn.shopify.com/s/files/1/0693/9492/3685/files/61_8010299d-7c8c-4a1c-90d2-fa020d99c493.png?v=1761084507","altText":null}','[{"name":"Design","value":"Star of David"},{"name":"Pack Size","value":"6-Pack"}]',900,26);
INSERT INTO inventory (variant_id,quantity) VALUES ('gid://shopify/ProductVariant/45991201669285',NULL);
INSERT INTO variants (id,product_id,title,price_cents,currency,available,image_json,selected_options_json,wholesale_cents,position) VALUES ('gid://shopify/ProductVariant/45991201636517','gid://shopify/Product/9243225620645','Star of David / Single',400,'USD',1,'{"url":"https://cdn.shopify.com/s/files/1/0693/9492/3685/files/61_8010299d-7c8c-4a1c-90d2-fa020d99c493.png?v=1761084507","altText":null}','[{"name":"Design","value":"Star of David"},{"name":"Pack Size","value":"Single"}]',200,27);
INSERT INTO inventory (variant_id,quantity) VALUES ('gid://shopify/ProductVariant/45991201636517',NULL);
INSERT INTO variants (id,product_id,title,price_cents,currency,available,image_json,selected_options_json,wholesale_cents,position) VALUES ('gid://shopify/ProductVariant/45991201734821','gid://shopify/Product/9243225620645','Longbourn Hive / 6-Pack',1800,'USD',1,'{"url":"https://cdn.shopify.com/s/files/1/0693/9492/3685/files/31_24bd6bd6-2d98-4205-b191-22e0ad609fad.png?v=1761084507","altText":null}','[{"name":"Design","value":"Longbourn Hive"},{"name":"Pack Size","value":"6-Pack"}]',900,28);
INSERT INTO inventory (variant_id,quantity) VALUES ('gid://shopify/ProductVariant/45991201734821',NULL);
INSERT INTO variants (id,product_id,title,price_cents,currency,available,image_json,selected_options_json,wholesale_cents,position) VALUES ('gid://shopify/ProductVariant/45991201702053','gid://shopify/Product/9243225620645','Longbourn Hive / Single',400,'USD',1,'{"url":"https://cdn.shopify.com/s/files/1/0693/9492/3685/files/31_24bd6bd6-2d98-4205-b191-22e0ad609fad.png?v=1761084507","altText":null}','[{"name":"Design","value":"Longbourn Hive"},{"name":"Pack Size","value":"Single"}]',200,29);
INSERT INTO inventory (variant_id,quantity) VALUES ('gid://shopify/ProductVariant/45991201702053',NULL);
INSERT INTO collections (handle,id,title,description,image_json,position,curated) VALUES ('gift-tags','gid://longbourn/Collection/gift-tags','Gift Tags','Hand-pressed letterpress gift tags with satin ribbon.',NULL,1,1);
INSERT INTO collection_products (collection_handle,product_id,position) VALUES ('gift-tags','gid://shopify/Product/9242163413157',0);
INSERT INTO collections (handle,id,title,description,image_json,position,curated) VALUES ('grand-tags','gid://longbourn/Collection/grand-tags','Grand Tags','Oversized letterpress tags for grand gestures.',NULL,2,1);
INSERT INTO collection_products (collection_handle,product_id,position) VALUES ('grand-tags','gid://shopify/Product/9241857458341',0);
INSERT INTO collections (handle,id,title,description,image_json,position,curated) VALUES ('note-cards','gid://longbourn/Collection/note-cards','Note Cards','Letterpress note cards, petite and full-size.',NULL,3,1);
INSERT INTO collection_products (collection_handle,product_id,position) VALUES ('note-cards','gid://shopify/Product/9242070810789',0);
INSERT INTO collection_products (collection_handle,product_id,position) VALUES ('note-cards','gid://shopify/Product/9243225620645',1);
INSERT INTO collections (handle,id,title,description,image_json,position,curated) VALUES ('stationery-sets','gid://longbourn/Collection/stationery-sets','Stationery Sets','Boxed letterpress note card and envelope sets.',NULL,4,1);
INSERT INTO collection_products (collection_handle,product_id,position) VALUES ('stationery-sets','gid://shopify/Product/9242070810789',0);
INSERT INTO collections (handle,id,title,description,image_json,position,curated) VALUES ('thank-you','gid://longbourn/Collection/thank-you','Thank You','Letterpress pieces for saying thank you, beautifully.',NULL,5,0);
INSERT INTO collection_products (collection_handle,product_id,position) VALUES ('thank-you','gid://shopify/Product/9242163413157',0);
INSERT INTO collection_products (collection_handle,product_id,position) VALUES ('thank-you','gid://shopify/Product/9241857458341',1);
INSERT INTO collection_products (collection_handle,product_id,position) VALUES ('thank-you','gid://shopify/Product/9242070810789',2);
INSERT INTO collection_products (collection_handle,product_id,position) VALUES ('thank-you','gid://shopify/Product/9243225620645',3);
INSERT INTO collections (handle,id,title,description,image_json,position,curated) VALUES ('celebration','gid://longbourn/Collection/celebration','Celebration','For toasts, milestones, and moments worth marking.',NULL,6,0);
INSERT INTO collection_products (collection_handle,product_id,position) VALUES ('celebration','gid://shopify/Product/9242163413157',0);
INSERT INTO collection_products (collection_handle,product_id,position) VALUES ('celebration','gid://shopify/Product/9241857458341',1);
INSERT INTO collection_products (collection_handle,product_id,position) VALUES ('celebration','gid://shopify/Product/9242070810789',2);
INSERT INTO collection_products (collection_handle,product_id,position) VALUES ('celebration','gid://shopify/Product/9243225620645',3);
INSERT INTO collections (handle,id,title,description,image_json,position,curated) VALUES ('baby','gid://longbourn/Collection/baby','Baby','Welcoming the newest arrivals in letterpress.',NULL,7,0);
INSERT INTO collection_products (collection_handle,product_id,position) VALUES ('baby','gid://shopify/Product/9242163413157',0);
INSERT INTO collection_products (collection_handle,product_id,position) VALUES ('baby','gid://shopify/Product/9241857458341',1);
INSERT INTO collection_products (collection_handle,product_id,position) VALUES ('baby','gid://shopify/Product/9242070810789',2);
INSERT INTO collection_products (collection_handle,product_id,position) VALUES ('baby','gid://shopify/Product/9243225620645',3);
INSERT INTO collections (handle,id,title,description,image_json,position,curated) VALUES ('holiday','gid://longbourn/Collection/holiday','Holiday','Seasonal letterpress for giving and gathering.',NULL,8,0);
INSERT INTO collection_products (collection_handle,product_id,position) VALUES ('holiday','gid://shopify/Product/9242163413157',0);
INSERT INTO collection_products (collection_handle,product_id,position) VALUES ('holiday','gid://shopify/Product/9241857458341',1);
INSERT INTO collection_products (collection_handle,product_id,position) VALUES ('holiday','gid://shopify/Product/9242070810789',2);
INSERT INTO collection_products (collection_handle,product_id,position) VALUES ('holiday','gid://shopify/Product/9243225620645',3);
INSERT INTO collections (handle,id,title,description,image_json,position,curated) VALUES ('sympathy','gid://longbourn/Collection/sympathy','Sympathy','Quiet, heartfelt letterpress for difficult moments.',NULL,9,0);
INSERT INTO collection_products (collection_handle,product_id,position) VALUES ('sympathy','gid://shopify/Product/9242163413157',0);
INSERT INTO collection_products (collection_handle,product_id,position) VALUES ('sympathy','gid://shopify/Product/9241857458341',1);
INSERT INTO collection_products (collection_handle,product_id,position) VALUES ('sympathy','gid://shopify/Product/9242070810789',2);
INSERT INTO collection_products (collection_handle,product_id,position) VALUES ('sympathy','gid://shopify/Product/9243225620645',3);
